8.05,0,86.21,0,0,0,0,0,0,5.75
8.42,0,86.32,0,0,1.05,0,0,0,4.21
8.79,0,87.91,0,0,0,0,0,0,3.3
4.55,0,89.77,0,0,0,0,0,0,5.68
5.81,0,94.19,0,0,0,0,0,0,0
6.9,0,93.1,0,0,0,0,0,0,0
5.56,0,94.44,0,0,0,0,0,0,0
4.49,0,95.51,0,0,0,0,0,0,0
6.45,0,93.55,0,0,0,0,0,0,0
4.35,0,94.57,0,0,1.09,0,0,0,0
5.38,0,94.62,0,0,0,0,0,0,0
4.55,0,95.45,0,0,0,0,0,0,0
6.52,0,93.48,0,0,0,0,0,0,0
6.38,0,93.62,0,0,0,0,0,0,0
6.32,0,93.68,0,0,0,0,0,0,0
4.17,0,95.83,0,0,0,0,0,0,0
4.17,0,95.83,0,0,0,0,0,0,0
6.32,0,92.63,0,0,1.05,0,0,0,0
6.45,0,93.55,0,0,0,0,0,0,0
5.43,0,94.57,0,0,0,0,0,0,0
4.35,0,95.65,0,0,0,0,0,0,0
6.45,0,93.55,0,0,0,0,0,0,0
6.32,0,93.68,0,0,0,0,0,0,0
7.29,0,92.71,0,0,0,0,0,0,0
7.37,0,92.63,0,0,0,0,0,0,0
7.53,0,92.47,0,0,0,0,0,0,0
6.38,0,93.62,0,0,0,0,0,0,0
5.26,0,94.74,0,0,0,0,0,0,0
4.26,0,95.74,0,0,0,0,0,0,0
7.45,0,92.55,0,0,0,0,0,0,0
5.49,0,94.51,0,0,0,0,0,0,0
3.33,0,96.67,0,0,0,0,0,0,0
4.55,0,95.45,0,0,0,0,0,0,0
4.44,0,95.56,0,0,0,0,0,0,0
7.61,0,92.39,0,0,0,0,0,0,0
7.45,0,92.55,0,0,0,0,0,0,0
6.25,0,93.75,0,0,0,0,0,0,0
4.08,0,95.92,0,0,0,0,0,0,0
6.38,0,92.55,0,0,1.06,0,0,0,0
5.26,0,94.74,0,0,0,0,0,0,0
8.33,0,91.67,0,0,0,0,0,0,0
4.55,0,95.45,0,0,0,0,0,0,0
7.53,0,92.47,0,0,0,0,0,0,0
5.38,0,94.62,0,0,0,0,0,0,0
5.75,0,94.25,0,0,0,0,0,0,0
6.32,0,93.68,0,0,0,0,0,0,0
5.15,0,94.85,0,0,0,0,0,0,0
5.15,0,94.85,0,0,0,0,0,0,0
4.55,0,94.55,0,0,0.91,0,0,0,0
4.96,0,95.04,0,0,0,0,0,0,0
5.79,0,94.21,0,0,0,0,0,0,0
4.88,0,95.12,0,0,0,0,0,0,0
10.61,0,89.39,0,0,0,0,0,0,0
4.41,0,94.12,0,0,1.47,0,0,0,0
8.82,0,91.18,0,0,0,0,0,0,0
4.62,0,93.85,0,0,1.54,0,0,0,0
7.22,0,92.78,0,0,0,0,0,0,0
3.12,0,96.88,0,0,0,0,0,0,0
3.12,0,96.88,0,0,0,0,0,0,0
3.09,0,96.91,0,0,0,0,0,0,0
4.26,0,95.74,0,0,0,0,0,0,0
5.32,0,94.68,0,0,0,0,0,0,0
2.13,0,97.87,0,0,0,0,0,0,0
2.17,0,97.83,0,0,0,0,0,0,0
4.35,0,90.22,0,0,0,0,0,0,5.43
6.19,0,91.75,0,0,0,0,0,0,2.06
5.32,0,89.36,0,0,0,0,0,0,5.32
8.25,0,87.63,0,0,0,0,0,0,4.12
6.38,0,92.55,0,0,1.06,0,0,0,0
5.56,0,94.44,0,0,0,0,0,0,0
5.56,0,94.44,0,0,0,0,0,0,0
5.21,0,94.79,0,0,0,0,0,0,0
6.52,0,93.48,0,0,0,0,0,0,0
6.67,0,93.33,0,0,0,0,0,0,0
6.98,0,93.02,0,0,0,0,0,0,0
6.67,0,93.33,0,0,0,0,0,0,0
4.12,0,95.88,0,0,0,0,0,0,0
4.17,0,95.83,0,0,0,0,0,0,0
6.19,0,93.81,0,0,0,0,0,0,0
8.33,0,91.67,0,0,0,0,0,0,0
5.21,0,94.79,0,0,0,0,0,0,0
5.38,0,94.62,0,0,0,0,0,0,0
5.26,0,94.74,0,0,0,0,0,0,0
4.21,0,95.79,0,0,0,0,0,0,0
3.19,0,96.81,0,0,0,0,0,0,0
5.26,0,94.74,0,0,0,0,0,0,0
6.38,0,93.62,0,0,0,0,0,0,0
6.52,0,93.48,0,0,0,0,0,0,0
4.3,0,95.7,0,0,0,0,0,0,0
4.17,0,95.83,0,0,0,0,0,0,0
5.32,0,94.68,0,0,0,0,0,0,0
6.32,0,93.68,0,0,0,0,0,0,0
5.26,0,94.74,0,0,0,0,0,0,0
5.21,0,94.79,0,0,0,0,0,0,0
5.21,0,94.79,0,0,0,0,0,0,0
5.26,0,94.74,0,0,0,0,0,0,0
5.49,0,94.51,0,0,0,0,0,0,0
5.32,0,94.68,0,0,0,0,0,0,0
5.21,0,94.79,0,0,0,0,0,0,0
5.43,0,94.57,0,0,0,0,0,0,0
4.17,0,95.83,0,0,0,0,0,0,0
4.17,0,95.83,0,0,0,0,0,0,0
4.26,0,95.74,0,0,0,0,0,0,0
5.1,0,94.9,0,0,0,0,0,0,0
8.33,0,91.67,0,0,0,0,0,0,0
6.19,0,93.81,0,0,0,0,0,0,0
6.19,0,93.81,0,0,0,0,0,0,0
7.22,0,92.78,0,0,0,0,0,0,0
5.75,0,94.25,0,0,0,0,0,0,0
8.54,0,91.46,0,0,0,0,0,0,0
4.88,0,95.12,0,0,0,0,0,0,0
2.38,0,97.62,0,0,0,0,0,0,0
5.43,0,94.57,0,0,0,0,0,0,0
10.87,0,89.13,0,0,0,0,0,0,0
4.4,0,94.51,0,0,0,0,0,0,1.1
6.82,0,92.05,0,0,1.14,0,0,0,0
5.1,0,94.9,0,0,0,0,0,0,0
6.25,0,93.75,0,0,0,0,0,0,0
5.38,0,93.55,0,0,0,0,0,0,1.08
6.19,0,93.81,0,0,0,0,0,0,0
1.09,0,95.65,0,0,0,0,0,0,3.26
1.06,0,98.94,0,0,0,0,0,0,0
3.26,0,91.3,0,0,0,0,0,0,5.43
2.15,0,91.4,0,0,0,0,0,0,6.45
0,0,96.67,0,0,0,0,0,0,3.33
1.14,0,94.32,0,0,0,0,0,0,4.55
1.09,0,96.74,0,0,0,0,0,0,2.17
1.11,0,95.56,0,0,0,0,0,0,3.33
6.45,0,91.4,0,0,0,0,0,0,2.15
7.29,0,88.54,0,0,0,0,0,0,4.17
5.26,0,90.53,0,0,0,0,0,0,4.21
3.12,0,91.67,0,0,0,0,0,0,5.21
3.16,0,96.84,0,0,0,0,0,0,0
3.12,0,96.88,0,0,0,0,0,0,0
6.38,0,93.62,0,0,0,0,0,0,0
8.42,0,91.58,0,0,0,0,0,0,0
6.38,0,93.62,0,0,0,0,0,0,0
2.15,0,97.85,0,0,0,0,0,0,0
7.14,0,92.86,0,0,0,0,0,0,0
4.26,0,95.74,0,0,0,0,0,0,0
6.25,0,93.75,0,0,0,0,0,0,0
7.29,0,92.71,0,0,0,0,0,0,0
5.43,0,94.57,0,0,0,0,0,0,0
6.52,0,93.48,0,0,0,0,0,0,0
5.49,0,94.51,0,0,0,0,0,0,0
3.19,0,95.74,0,0,1.06,0,0,0,0
6.38,0,93.62,0,0,0,0,0,0,0
6.59,0,93.41,0,0,0,0,0,0,0
7.53,0,92.47,0,0,0,0,0,0,0
4.44,0,95.56,0,0,0,0,0,0,0
4.4,0,87.91,0,0,0,0,0,0,7.69
4.35,0,95.65,0,0,0,0,0,0,0
4.26,0,95.74,0,0,0,0,0,0,0
5.26,0,94.74,0,0,0,0,0,0,0
6.19,0,93.81,0,0,0,0,0,0,0
6.19,0,93.81,0,0,0,0,0,0,0
6.32,0,93.68,0,0,0,0,0,0,0
6.25,0,93.75,0,0,0,0,0,0,0
6.25,0,93.75,0,0,0,0,0,0,0
5.38,0,94.62,0,0,0,0,0,0,0
6.12,0,93.88,0,0,0,0,0,0,0
3.23,0,96.77,0,0,0,0,0,0,0
6.59,0,93.41,0,0,0,0,0,0,0
5.43,0,94.57,0,0,0,0,0,0,0
5.21,0,94.79,0,0,0,0,0,0,0
11.46,0,88.54,0,0,0,0,0,0,0
6.32,0,93.68,0,0,0,0,0,0,0
6.32,0,93.68,0,0,0,0,0,0,0
4.21,0,95.79,0,0,0,0,0,0,0
5.32,0,94.68,0,0,0,0,0,0,0
5.26,0,94.74,0,0,0,0,0,0,0
6.45,0,93.55,0,0,0,0,0,0,0
5.38,0,94.62,0,0,0,0,0,0,0
5.32,0,94.68,0,0,0,0,0,0,0
5.26,0,94.74,0,0,0,0,0,0,0
7.29,0,92.71,0,0,0,0,0,0,0
6.06,0,93.94,0,0,0,0,0,0,0
5.15,0,93.81,0,0,0,0,0,0,1.03
4.21,0,95.79,0,0,0,0,0,0,0
5.15,0,94.85,0,0,0,0,0,0,0
4.26,0,95.74,0,0,0,0,0,0,0
6.19,0,90.72,0,0,0,0,0,0,3.09
5.15,0,93.81,0,0,0,0,0,0,1.03
3.12,0,94.79,0,0,0,0,0,0,2.08
1.05,0,98.95,0,0,0,0,0,0,0
2.08,0,91.67,0,0,0,0,0,0,6.25
2.08,0,95.83,0,0,0,0,0,0,2.08
2.15,0,95.7,0,0,0,0,0,0,2.15
0,0,100,0,0,0,0,0,0,0
1.27,0,97.47,0,0,0,0,0,0,1.27
1.27,0,98.73,0,0,0,0,0,0,0
2.47,0,95.06,0,0,1.23,0,0,0,1.23
8.51,0,90.43,0,0,0,0,0,0,1.06
7.22,0,87.63,0,0,0,0,0,0,5.15
7.29,0,87.5,0,0,0,0,0,0,5.21
7.29,0,89.58,0,0,0,0,0,0,3.12
6.38,0,93.62,0,0,0,0,0,0,0
7.22,0,92.78,0,0,0,0,0,0,0
5.26,0,94.74,0,0,0,0,0,0,0
6.25,0,93.75,0,0,0,0,0,0,0
9.47,0,90.53,0,0,0,0,0,0,0
9.18,0,90.82,0,0,0,0,0,0,0
3.06,0,96.94,0,0,0,0,0,0,0
5.26,0,94.74,0,0,0,0,0,0,0
5.38,0,94.62,0,0,0,0,0,0,0
6.38,0,93.62,0,0,0,0,0,0,0
5.21,0,94.79,0,0,0,0,0,0,0
6.52,0,93.48,0,0,0,0,0,0,0
4.26,0,95.74,0,0,0,0,0,0,0
5.21,0,94.79,0,0,0,0,0,0,0
7.22,0,92.78,0,0,0,0,0,0,0
4.35,0,95.65,0,0,0,0,0,0,0
5.32,0,93.62,0,0,1.06,0,0,0,0
5.21,0,94.79,0,0,0,0,0,0,0
3.06,0,96.94,0,0,0,0,0,0,0
5.15,0,94.85,0,0,0,0,0,0,0
6.38,0,93.62,0,0,0,0,0,0,0
5.26,0,94.74,0,0,0,0,0,0,0
4.21,0,95.79,0,0,0,0,0,0,0
6.12,0,93.88,0,0,0,0,0,0,0
4.17,0,95.83,0,0,0,0,0,0,0
2.13,0,97.87,0,0,0,0,0,0,0
3.26,0,96.74,0,0,0,0,0,0,0
6.38,0,93.62,0,0,0,0,0,0,0
6.59,0,93.41,0,0,0,0,0,0,0
3.3,0,96.7,0,0,0,0,0,0,0
5.81,0,94.19,0,0,0,0,0,0,0
5.43,0,94.57,0,0,0,0,0,0,0
4.21,0,95.79,0,0,0,0,0,0,0
7.22,0,90.72,0,0,0,0,0,0,2.06
6.52,0,93.48,0,0,0,0,0,0,0
5.26,0,94.74,0,0,0,0,0,0,0
5.38,0,94.62,0,0,0,0,0,0,0
5.38,0,88.17,0,0,0,0,0,0,6.45
4.21,0,92.63,0,0,0,0,0,0,3.16
6.12,0,93.88,0,0,0,0,0,0,0
7.53,0,92.47,0,0,0,0,0,0,0
5.26,0,93.68,0,0,0,0,0,0,1.05
4.3,0,94.62,0,0,0,0,0,0,1.08
5.26,0,94.74,0,0,0,0,0,0,0
7.29,0,92.71,0,0,0,0,0,0,0
5.26,0,94.74,0,0,0,0,0,0,0
8.42,0,91.58,0,0,0,0,0,0,0
7.29,0,92.71,0,0,0,0,0,0,0
7.29,0,92.71,0,0,0,0,0,0,0
5.43,0,94.57,0,0,0,0,0,0,0
5.43,0,94.57,0,0,0,0,0,0,0
6.38,0,93.62,0,0,0,0,0,0,0
5.05,0,94.95,0,0,0,0,0,0,0
8.51,0,91.49,0,0,0,0,0,0,0
9.28,0,90.72,0,0,0,0,0,0,0
9.47,0,90.53,0,0,0,0,0,0,0
5.21,0,91.67,0,0,0,0,0,0,3.12
5.21,0,90.62,0,0,0,0,0,0,4.17
5.1,0,89.8,0,0,0,0,0,0,5.1
6.19,0,91.75,0,0,0,0,0,0,2.06
5.1,0,94.9,0,0,0,0,0,0,0
3.06,0,96.94,0,0,0,0,0,0,0
5.15,0,94.85,0,0,0,0,0,0,0
3.03,0,96.97,0,0,0,0,0,0,0
5.43,0,94.57,0,0,0,0,0,0,0
5.32,0,94.68,0,0,0,0,0,0,0
7.45,0,92.55,0,0,0,0,0,0,0
5.56,0,94.44,0,0,0,0,0,0,0
3.85,0,96.15,0,0,0,0,0,0,0
6.98,0,93.02,0,0,0,0,0,0,0
4.82,0,95.18,0,0,0,0,0,0,0
5.75,0,94.25,0,0,0,0,0,0,0
7.37,0,92.63,0,0,0,0,0,0,0
5.26,0,94.74,0,0,0,0,0,0,0
5.32,0,94.68,0,0,0,0,0,0,0
6.38,0,93.62,0,0,0,0,0,0,0
6.19,0,93.81,0,0,0,0,0,0,0
6.19,0,93.81,0,0,0,0,0,0,0
4.17,0,95.83,0,0,0,0,0,0,0
5.21,0,94.79,0,0,0,0,0,0,0
5.15,0,94.85,0,0,0,0,0,0,0
3.09,0,96.91,0,0,0,0,0,0,0
7.07,0,92.93,0,0,0,0,0,0,0
4.17,0,95.83,0,0,0,0,0,0,0
5.26,0,94.74,0,0,0,0,0,0,0
6.38,0,93.62,0,0,0,0,0,0,0
5.43,0,94.57,0,0,0,0,0,0,0
2.13,0,97.87,0,0,0,0,0,0,0
4.21,0,95.79,0,0,0,0,0,0,0
5.21,0,94.79,0,0,0,0,0,0,0
4.12,0,94.85,0,0,0,0,0,0,1.03
5.21,0,94.79,0,0,0,0,0,0,0
6.19,0,93.81,0,0,0,0,0,0,0
4.17,0,95.83,0,0,0,0,0,0,0
6.06,0,93.94,0,0,0,0,0,0,0
7.29,0,92.71,0,0,0,0,0,0,0
6.25,0,93.75,0,0,0,0,0,0,0
4.12,0,95.88,0,0,0,0,0,0,0
6.19,0,92.78,0,0,1.03,0,0,0,0
4.08,0,95.92,0,0,0,0,0,0,0
5.15,0,94.85,0,0,0,0,0,0,0
8.79,0,91.21,0,0,0,0,0,0,0
6.19,0,93.81,0,0,0,0,0,0,0
5.1,0,94.9,0,0,0,0,0,0,0
8.6,0,91.4,0,0,0,0,0,0,0
7.06,0,91.76,0,0,0,0,0,0,1.18
6.59,0,93.41,0,0,0,0,0,0,0
3.16,0,96.84,0,0,0,0,0,0,0
2.17,0,96.74,0,0,0,0,0,0,1.09
6.74,0,93.26,0,0,0,0,0,0,0
2.3,0,93.1,0,0,0,0,0,0,4.6
5.38,0,94.62,0,0,0,0,0,0,0
1.06,0,97.87,0,0,0,0,0,0,1.06
2.11,0,97.89,0,0,0,0,0,0,0
2.17,0,95.65,0,0,0,0,0,0,2.17
3.23,0,96.77,0,0,0,0,0,0,0
2.22,0,97.78,0,0,0,0,0,0,0
1.12,0,98.88,0,0,0,0,0,0,0
1.11,0,98.89,0,0,0,0,0,0,0
2.2,0,97.8,0,0,0,0,0,0,0
2.11,0,97.89,0,0,0,0,0,0,0
0,0,98.96,0,0,1.04,0,0,0,0
1.06,0,98.94,0,0,0,0,0,0,0
0,0,100,0,0,0,0,0,0,0
9.57,0,85.11,0,0,1.06,0,0,0,4.26
6.38,0,90.43,0,0,0,0,0,0,3.19
4.4,0,89.01,0,0,0,0,0,0,6.59
6.38,0,89.36,0,0,0,0,0,0,4.26
2.25,0,97.75,0,0,0,0,0,0,0
5.56,0,94.44,0,0,0,0,0,0,0
6.45,0,93.55,0,0,0,0,0,0,0
8.51,0,91.49,0,0,0,0,0,0,0
8.42,0,91.58,0,0,0,0,0,0,0
6.32,0,93.68,0,0,0,0,0,0,0
10.42,0,89.58,0,0,0,0,0,0,0
6.25,0,93.75,0,0,0,0,0,0,0
8.51,0,91.49,0,0,0,0,0,0,0
6.25,0,93.75,0,0,0,0,0,0,0
7.45,0,92.55,0,0,0,0,0,0,0
5.21,0,94.79,0,0,0,0,0,0,0
6.25,0,93.75,0,0,0,0,0,0,0
4.08,0,95.92,0,0,0,0,0,0,0
7.29,0,92.71,0,0,0,0,0,0,0
5.32,0,94.68,0,0,0,0,0,0,0
5.38,0,94.62,0,0,0,0,0,0,0
4.4,0,95.6,0,0,0,0,0,0,0
5.49,0,94.51,0,0,0,0,0,0,0
5.43,0,94.57,0,0,0,0,0,0,0
8.33,0,91.67,0,0,0,0,0,0,0
6.45,0,93.55,0,0,0,0,0,0,0
6.45,0,93.55,0,0,0,0,0,0,0
5.26,0,94.74,0,0,0,0,0,0,0
5.26,0,94.74,0,0,0,0,0,0,0
3.26,0,96.74,0,0,0,0,0,0,0
7.37,0,92.63,0,0,0,0,0,0,0
7.29,0,92.71,0,0,0,0,0,0,0
4.35,0,95.65,0,0,0,0,0,0,0
8.51,0,91.49,0,0,0,0,0,0,0
5.21,0,94.79,0,0,0,0,0,0,0
5.21,0,94.79,0,0,0,0,0,0,0
5.62,0,94.38,0,0,0,0,0,0,0
6.25,0,93.75,0,0,0,0,0,0,0
5.15,0,91.75,0,0,0,0,0,0,3.09
5.49,0,94.51,0,0,0,0,0,0,0
4.17,0,95.83,0,0,0,0,0,0,0
4.3,0,95.7,0,0,0,0,0,0,0
4.35,0,93.48,0,0,0,0,0,0,2.17
5.43,0,94.57,0,0,0,0,0,0,0
5.15,0,94.85,0,0,0,0,0,0,0
7.37,0,92.63,0,0,0,0,0,0,0
8.51,0,91.49,0,0,0,0,0,0,0
6.32,0,93.68,0,0,0,0,0,0,0
7.89,0,92.11,0,0,0,0,0,0,0
3.12,0,96.88,0,0,0,0,0,0,0
3.06,0,96.94,0,0,0,0,0,0,0
5.32,0,92.55,0,0,1.06,0,0,0,1.06
5.38,0,89.25,0,0,0,0,0,0,5.38
4.08,0,90.82,0,0,0,0,0,0,5.1
6.38,0,92.55,0,0,0,0,0,0,1.06
5.26,0,92.63,0,0,0,0,0,0,2.11
3.09,0,94.85,0,0,0,0,0,0,2.06
7.14,0,88.78,0,0,1.02,0,0,0,3.06
3.03,0,95.96,0,0,0,0,0,0,1.01
3.16,0,91.58,0,0,0,0,0,0,5.26
0,0,91.01,0,0,0,0,0,0,8.99
3.45,0,88.51,0,0,0,0,0,0,8.05
2.25,0,89.89,0,0,0,0,0,0,7.87
1.11,0,88.89,0,0,0,0,0,0,10
9.68,0,87.1,0,0,0,0,0,0,3.23
6.38,0,88.3,0,0,0,0,0,0,5.32
6.38,0,91.49,0,0,0,0,0,0,2.13
10.53,0,84.21,0,0,0,0,0,0,5.26
4.21,0,95.79,0,0,0,0,0,0,0
6.45,0,93.55,0,0,0,0,0,0,0
2.13,0,97.87,0,0,0,0,0,0,0
6.32,0,93.68,0,0,0,0,0,0,0
5.26,0,94.74,0,0,0,0,0,0,0
6.32,0,93.68,0,0,0,0,0,0,0
7.53,0,92.47,0,0,0,0,0,0,0
5.15,0,94.85,0,0,0,0,0,0,0
5.26,0,94.74,0,0,0,0,0,0,0
8.51,0,91.49,0,0,0,0,0,0,0
4.26,0,95.74,0,0,0,0,0,0,0
5.32,0,93.62,0,0,1.06,0,0,0,0
4.04,0,95.96,0,0,0,0,0,0,0
5.15,0,94.85,0,0,0,0,0,0,0
6.38,0,93.62,0,0,0,0,0,0,0
5.15,0,94.85,0,0,0,0,0,0,0
6.25,0,93.75,0,0,0,0,0,0,0
5.49,0,94.51,0,0,0,0,0,0,0
9.38,0,90.62,0,0,0,0,0,0,0
5.15,0,94.85,0,0,0,0,0,0,0
9.57,0,90.43,0,0,0,0,0,0,0
6.45,0,93.55,0,0,0,0,0,0,0
10.75,0,89.25,0,0,0,0,0,0,0
9.38,0,90.62,0,0,0,0,0,0,0
5.43,0,94.57,0,0,0,0,0,0,0
4.21,0,95.79,0,0,0,0,0,0,0
8.16,0,91.84,0,0,0,0,0,0,0
6.32,0,93.68,0,0,0,0,0,0,0
4.76,0,95.24,0,0,0,0,0,0,0
7.69,0,92.31,0,0,0,0,0,0,0
5.43,0,93.48,0,0,1.09,0,0,0,0
4.35,0,95.65,0,0,0,0,0,0,0
5.43,0,94.57,0,0,0,0,0,0,0
5.43,0,94.57,0,0,0,0,0,0,0
6.38,0,93.62,0,0,0,0,0,0,0
6.25,0,93.75,0,0,0,0,0,0,0
6.25,0,92.71,0,0,1.04,0,0,0,0
4.3,0,95.7,0,0,0,0,0,0,0
5.21,0,94.79,0,0,0,0,0,0,0
7.22,0,92.78,0,0,0,0,0,0,0
6.19,0,93.81,0,0,0,0,0,0,0
7.37,0,92.63,0,0,0,0,0,0,0
6.19,0,93.81,0,0,0,0,0,0,0
6.25,0,93.75,0,0,0,0,0,0,0
4.26,0,95.74,0,0,0,0,0,0,0
5.26,0,94.74,0,0,0,0,0,0,0
5.26,0,94.74,0,0,0,0,0,0,0
7.45,0,92.55,0,0,0,0,0,0,0
2.22,0,91.11,0,0,0,0,0,0,6.67
5.43,0,73.91,0,0,0,0,0,0,20.65
2.2,0,96.7,0,0,0,0,0,0,1.1
5.38,0,84.95,0,0,0,0,0,0,9.68
2.22,0,91.11,0,0,0,0,0,0,6.67
3.45,0,91.95,0,0,0,0,0,0,4.6
6.59,0,91.21,0,0,0,0,0,0,2.2
2.25,0,88.76,0,0,0,0,0,0,8.99
0,0,100,0,0,0,0,0,0,0
2.25,0,97.75,0,0,0,0,0,0,0
0,0,100,0,0,0,0,0,0,0
2.2,0,97.8,0,0,0,0,0,0,0
7.37,0,87.37,0,0,0,0,0,0,5.26
3.03,0,91.92,0,0,0,0,0,0,5.05
3.12,0,93.75,0,0,0,0,0,0,3.12
7.53,0,88.17,0,0,0,0,0,0,4.3
7.95,0,92.05,0,0,0,0,0,0,0
5.32,0,94.68,0,0,0,0,0,0,0
5.56,0,94.44,0,0,0,0,0,0,0
5.21,0,93.75,0,0,0,0,0,0,1.04
6.12,0,93.88,0,0,0,0,0,0,0
3.09,0,96.91,0,0,0,0,0,0,0
4.21,0,95.79,0,0,0,0,0,0,0
5.26,0,94.74,0,0,0,0,0,0,0
4.3,0,95.7,0,0,0,0,0,0,0
4.08,0,95.92,0,0,0,0,0,0,0
4.08,0,95.92,0,0,0,0,0,0,0
6.38,0,93.62,0,0,0,0,0,0,0
4.21,0,95.79,0,0,0,0,0,0,0
6.25,0,93.75,0,0,0,0,0,0,0
6.32,0,93.68,0,0,0,0,0,0,0
5.15,0,94.85,0,0,0,0,0,0,0
4.3,0,95.7,0,0,0,0,0,0,0
3.03,0,96.97,0,0,0,0,0,0,0
2.13,0,97.87,0,0,0,0,0,0,0
8.33,0,91.67,0,0,0,0,0,0,0
6.25,0,93.75,0,0,0,0,0,0,0
4.08,0,95.92,0,0,0,0,0,0,0
5.21,0,94.79,0,0,0,0,0,0,0
5.26,0,94.74,0,0,0,0,0,0,0
5.21,0,94.79,0,0,0,0,0,0,0
6.32,0,93.68,0,0,0,0,0,0,0
6.19,0,93.81,0,0,0,0,0,0,0
5.15,0,94.85,0,0,0,0,0,0,0
5.15,0,94.85,0,0,0,0,0,0,0
6.25,0,93.75,0,0,0,0,0,0,0
4.35,0,95.65,0,0,0,0,0,0,0
4.26,0,95.74,0,0,0,0,0,0,0
3.09,0,96.91,0,0,0,0,0,0,0
5.21,0,89.58,0,0,1.04,0,0,0,4.17
4.08,0,95.92,0,0,0,0,0,0,0
4.17,0,90.62,0,0,0,0,0,0,5.21
4.21,0,95.79,0,0,0,0,0,0,0
7.22,0,92.78,0,0,0,0,0,0,0
4.17,0,95.83,0,0,0,0,0,0,0
4.17,0,95.83,0,0,0,0,0,0,0
4.6,0,85.06,0,0,0,0,0,0,10.34
7.78,0,92.22,0,0,0,0,0,0,0
6.59,0,93.41,0,0,0,0,0,0,0
3.41,0,92.05,0,0,0,0,0,0,4.55
3.37,0,79.78,0,0,1.12,0,0,0,15.73
6.74,0,92.13,0,0,1.12,0,0,0,0
6.25,0,93.75,0,0,0,0,0,0,0
3.3,0,90.11,0,0,0,0,0,0,6.59
3.09,0,93.81,0,0,0,0,0,0,3.09
2.06,0,91.75,0,0,0,0,0,0,6.19
4.3,0,92.47,0,0,0,0,0,0,3.23
1.04,0,95.83,0,0,0,0,0,0,3.12
2.11,0,88.42,0,0,0,0,0,0,9.47
2.17,0,94.57,0,0,1.09,0,0,0,2.17
3.26,0,86.96,0,0,1.09,0,0,0,8.7
2.11,0,91.58,0,0,0,0,0,0,6.32
5.43,0,84.78,0,0,0,0,0,0,9.78
2.08,0,90.62,0,0,0,0,0,0,7.29
2.22,0,93.33,0,0,0,0,0,0,4.44
1.09,0,94.57,0,0,0,0,0,0,4.35
2.25,0,92.13,0,0,0,0,0,0,5.62
0,0,94.44,0,0,0,0,0,0,5.56
2.22,0,91.11,0,0,0,0,0,0,6.67
2.25,0,93.26,0,0,0,0,0,0,4.49
5.26,0,91.58,0,0,0,0,0,0,3.16
6.25,0,89.58,0,0,0,0,0,0,4.17
4.12,0,90.72,0,0,0,0,0,0,5.15
5.1,0,89.8,0,0,0,0,0,0,5.1
3.19,0,96.81,0,0,0,0,0,0,0
6.38,0,93.62,0,0,0,0,0,0,0
7.45,0,92.55,0,0,0,0,0,0,0
7.37,0,92.63,0,0,0,0,0,0,0
6.25,0,93.75,0,0,0,0,0,0,0
4.12,0,94.85,0,0,0,0,0,0,1.03
5.32,0,94.68,0,0,0,0,0,0,0
4.12,0,95.88,0,0,0,0,0,0,0
7.87,0,92.13,0,0,0,0,0,0,0
4.44,0,95.56,0,0,0,0,0,0,0
5.32,0,94.68,0,0,0,0,0,0,0
7.95,0,92.05,0,0,0,0,0,0,0
7.69,0,92.31,0,0,0,0,0,0,0
3.26,0,96.74,0,0,0,0,0,0,0
5.62,0,94.38,0,0,0,0,0,0,0
6.52,0,93.48,0,0,0,0,0,0,0
6.52,0,93.48,0,0,0,0,0,0,0
5.21,0,94.79,0,0,0,0,0,0,0
9.28,0,90.72,0,0,0,0,0,0,0
6.12,0,93.88,0,0,0,0,0,0,0
4.26,0,95.74,0,0,0,0,0,0,0
4.17,0,95.83,0,0,0,0,0,0,0
6.38,0,93.62,0,0,0,0,0,0,0
3.12,0,95.83,0,0,1.04,0,0,0,0
8.51,0,91.49,0,0,0,0,0,0,0
5.32,0,94.68,0,0,0,0,0,0,0
5.32,0,94.68,0,0,0,0,0,0,0
5.32,0,91.49,0,0,0,0,0,0,3.19
3.12,0,96.88,0,0,0,0,0,0,0
5.26,0,94.74,0,0,0,0,0,0,0
4.26,0,95.74,0,0,0,0,0,0,0
5.38,0,94.62,0,0,0,0,0,0,0
5.32,0,94.68,0,0,0,0,0,0,0
5.1,0,92.86,0,0,1.02,0,0,0,1.02
10.53,0,89.47,0,0,0,0,0,0,0
2.13,0,95.74,0,0,0,0,0,0,2.13
3.09,0,96.91,0,0,0,0,0,0,0
3.3,0,92.31,0,0,0,0,0,0,4.4
6.45,0,93.55,0,0,0,0,0,0,0
4.35,0,95.65,0,0,0,0,0,0,0
10.2,0,89.8,0,0,0,0,0,0,0
2.06,0,97.94,0,0,0,0,0,0,0
8.42,0,91.58,0,0,0,0,0,0,0
4.17,0,95.83,0,0,0,0,0,0,0
6.38,0,93.62,0,0,0,0,0,0,0
5.15,0,92.78,0,0,0,0,0,0,2.06
4.17,0,95.83,0,0,0,0,0,0,0
6.25,0,93.75,0,0,0,0,0,0,0
5.13,0,94.87,0,0,0,0,0,0,0
6.17,0,90.12,0,0,0,0,0,0,3.7
6.82,0,93.18,0,0,0,0,0,0,0
6.17,0,92.59,0,0,0,0,0,0,1.23
3.26,0,96.74,0,0,0,0,0,0,0
2.17,0,97.83,0,0,0,0,0,0,0
1.1,0,98.9,0,0,0,0,0,0,0
2.15,0,97.85,0,0,0,0,0,0,0
0,0,100,0,0,0,0,0,0,0
1.04,0,98.96,0,0,0,0,0,0,0
1.05,0,98.95,0,0,0,0,0,0,0
1.05,0,98.95,0,0,0,0,0,0,0
1.05,0,98.95,0,0,0,0,0,0,0
0,0,100,0,0,0,0,0,0,0
0,0,100,0,0,0,0,0,0,0
2.08,0,97.92,0,0,0,0,0,0,0
0,0,100,0,0,0,0,0,0,0
0,0,100,0,0,0,0,0,0,0
1.1,0,98.9,0,0,0,0,0,0,0
1.12,0,98.88,0,0,0,0,0,0,0
1.12,0,98.88,0,0,0,0,0,0,0
1.16,0,98.84,0,0,0,0,0,0,0
2.27,0,97.73,0,0,0,0,0,0,0
1.11,0,98.89,0,0,0,0,0,0,0
1.08,0,97.85,0,0,0,0,0,0,1.08
2.11,0,96.84,0,0,0,0,0,0,1.05
1.05,0,97.89,0,0,0,0,0,0,1.05
1.08,0,95.7,0,0,0,0,0,0,3.23
4.35,0,93.48,0,0,0,0,0,0,2.17
5.32,0,91.49,0,0,0,0,0,0,3.19
3.16,0,93.68,0,0,0,0,0,0,3.16
9.57,0,86.17,0,0,0,0,0,0,4.26
7.22,0,92.78,0,0,0,0,0,0,0
5.26,0,94.74,0,0,0,0,0,0,0
9.28,0,90.72,0,0,0,0,0,0,0
5.32,0,94.68,0,0,0,0,0,0,0
6.67,0,93.33,0,0,0,0,0,0,0
5.15,0,93.81,0,0,1.03,0,0,0,0
5.38,0,94.62,0,0,0,0,0,0,0
4.17,0,95.83,0,0,0,0,0,0,0
7.5,0,92.5,0,0,0,0,0,0,0
3.41,0,96.59,0,0,0,0,0,0,0
3.49,0,96.51,0,0,0,0,0,0,0
8.14,0,91.86,0,0,0,0,0,0,0
6.82,0,93.18,0,0,0,0,0,0,0
2.33,0,97.67,0,0,0,0,0,0,0
4.35,0,95.65,0,0,0,0,0,0,0
4.65,0,95.35,0,0,0,0,0,0,0
6.38,0,93.62,0,0,0,0,0,0,0
4.3,0,95.7,0,0,0,0,0,0,0
9.18,0,90.82,0,0,0,0,0,0,0
8.42,0,91.58,0,0,0,0,0,0,0
6.45,0,93.55,0,0,0,0,0,0,0
4.17,0,95.83,0,0,0,0,0,0,0
6.32,0,93.68,0,0,0,0,0,0,0
4.26,0,95.74,0,0,0,0,0,0,0
9.57,0,90.43,0,0,0,0,0,0,0
6.32,0,93.68,0,0,0,0,0,0,0
7.61,0,92.39,0,0,0,0,0,0,0
6.67,0,93.33,0,0,0,0,0,0,0
3.23,0,96.77,0,0,0,0,0,0,0
8.42,0,91.58,0,0,0,0,0,0,0
7.53,0,92.47,0,0,0,0,0,0,0
8.79,0,91.21,0,0,0,0,0,0,0
3.19,0,96.81,0,0,0,0,0,0,0
5.26,0,94.74,0,0,0,0,0,0,0
3.16,0,96.84,0,0,0,0,0,0,0
5.15,0,94.85,0,0,0,0,0,0,0
5.26,0,94.74,0,0,0,0,0,0,0
7.45,0,92.55,0,0,0,0,0,0,0
5.21,0,94.79,0,0,0,0,0,0,0
2.13,0,97.87,0,0,0,0,0,0,0
4.35,0,94.57,0,0,1.09,0,0,0,0
8.42,0,91.58,0,0,0,0,0,0,0
5.32,0,94.68,0,0,0,0,0,0,0
5.32,0,94.68,0,0,0,0,0,0,0
4.08,0,95.92,0,0,0,0,0,0,0
6.25,0,93.75,0,0,0,0,0,0,0
7.29,0,92.71,0,0,0,0,0,0,0
6.12,0,93.88,0,0,0,0,0,0,0
5.56,0,94.44,0,0,0,0,0,0,0
6.67,0,90,0,0,1.11,0,0,0,2.22
6.82,0,92.05,0,0,0,0,0,0,1.14
4.49,0,95.51,0,0,0,0,0,0,0
6.25,0,93.75,0,0,0,0,0,0,0
3.19,0,95.74,0,0,0,0,0,0,1.06
3.23,0,96.77,0,0,0,0,0,0,0
3.26,0,96.74,0,0,0,0,0,0,0
0,0,95.79,0,0,0,0,0,0,4.21
3.06,0,92.86,0,0,0,0,0,0,4.08
2.13,0,92.55,0,0,0,0,0,0,5.32
2.17,0,93.48,0,0,0,0,0,0,4.35
1.09,0,96.74,0,0,0,0,0,0,2.17
0,0,97.8,0,0,0,0,0,0,2.2
0,0,97.83,0,0,0,0,0,0,2.17
1.09,0,96.74,0,0,0,0,0,0,2.17
4.21,0,88.42,0,0,1.05,0,0,0,6.32
5.38,0,90.32,0,0,0,0,0,0,4.3
7.22,0,89.69,0,0,0,0,0,0,3.09
6.38,0,91.49,0,0,0,0,0,0,2.13
7.29,0,92.71,0,0,0,0,0,0,0
7.61,0,92.39,0,0,0,0,0,0,0
4.35,0,95.65,0,0,0,0,0,0,0
4.3,0,95.7,0,0,0,0,0,0,0
7.45,0,92.55,0,0,0,0,0,0,0
6.32,0,93.68,0,0,0,0,0,0,0
3.09,0,95.88,0,0,1.03,0,0,0,0
6.32,0,93.68,0,0,0,0,0,0,0
4.21,0,95.79,0,0,0,0,0,0,0
6.06,0,93.94,0,0,0,0,0,0,0
6.32,0,93.68,0,0,0,0,0,0,0
5.26,0,94.74,0,0,0,0,0,0,0
3.16,0,96.84,0,0,0,0,0,0,0
6.38,0,93.62,0,0,0,0,0,0,0
4.3,0,95.7,0,0,0,0,0,0,0
5.32,0,94.68,0,0,0,0,0,0,0
3.12,0,96.88,0,0,0,0,0,0,0
6.32,0,93.68,0,0,0,0,0,0,0
3.23,0,96.77,0,0,0,0,0,0,0
8.16,0,91.84,0,0,0,0,0,0,0
4.4,0,91.21,0,0,0,0,0,0,4.4
5.56,0,94.44,0,0,0,0,0,0,0
7.53,0,92.47,0,0,0,0,0,0,0
4.3,0,95.7,0,0,0,0,0,0,0
6.38,0,86.17,0,0,0,0,0,0,7.45
3.12,0,95.83,0,0,0,0,0,0,1.04
4.17,0,95.83,0,0,0,0,0,0,0
4.21,0,94.74,0,0,0,0,0,0,1.05
5.56,0,88.89,0,0,1.39,0,0,0,4.17
4.21,0,92.63,0,0,0,0,0,0,3.16
4.12,0,89.69,0,0,0,0,0,0,6.19
10.2,0,89.8,0,0,0,0,0,0,0
4.35,0,95.65,0,0,0,0,0,0,0
6.45,0,93.55,0,0,0,0,0,0,0
6.25,0,92.71,0,0,0,0,0,0,1.04
8.33,0,91.67,0,0,0,0,0,0,0
8.42,0,91.58,0,0,0,0,0,0,0
8.25,0,91.75,0,0,0,0,0,0,0
4.26,0,93.62,0,0,0,0,0,0,2.13
5.38,0,94.62,0,0,0,0,0,0,0
6.45,0,93.55,0,0,0,0,0,0,0
7.45,0,92.55,0,0,0,0,0,0,0
4.26,0,95.74,0,0,0,0,0,0,0
7.69,0,92.31,0,0,0,0,0,0,0
5.49,0,94.51,0,0,0,0,0,0,0
5.21,0,94.79,0,0,0,0,0,0,0
6.25,0,92.71,0,0,1.04,0,0,0,0
7.45,0,91.49,0,0,1.06,0,0,0,0
4.35,0,94.57,0,0,0,0,0,0,1.09
7.53,0,91.4,0,0,0,0,0,0,1.08
4.35,0,94.57,0,0,0,0,0,0,1.09
5.21,0,94.79,0,0,0,0,0,0,0
3.19,0,93.62,0,0,0,0,0,0,3.19
1.11,0,95.56,0,0,0,0,0,0,3.33
2.15,0,96.77,0,0,0,0,0,0,1.08
4.12,0,94.85,0,0,0,0,0,0,1.03
0,0,97.92,0,0,0,0,0,0,2.08
1.04,0,96.88,0,0,0,0,0,0,2.08
2.08,0,95.83,0,0,0,0,0,0,2.08
3.12,0,92.71,0,0,0,0,0,0,4.17
0,0,100,0,0,0,0,0,0,0
0,0,98.51,0,0,0,0,0,0,1.49
1.47,0,97.06,0,0,0,0,0,0,1.47
1.52,0,93.94,0,0,0,0,0,0,4.55
5.106721311,0,93.96099727,0,0,0.052513661,0,0,0,0.879713115
